PROJECT_NUMBER,PROJECT_EN,DEVELOPER_NUMBER,DEVELOPER_EN,START_DATE,END_DATE,ADOPTION_DATE,PRJ_TYPE_EN,PROJECT_VALUE,ESCROW_ACCOUNT_NUMBER,PROJECT_STATUS,PERCENT_COMPLETED,INSPECTION_DATE,COMPLETION_DATE,DESCRIPTION_EN,AREA_EN,ZONE_EN,CNT_LAND,CNT_BUILDING,CNT_VILLA,CNT_UNIT,MASTER_PROJECT_EN
"3189","Verdes by Haven 2","1658","AURORA SPV 1 L.L.C","2026-01-01 00:00:00","2028-06-30 00:00:00","2024-09-10 15:28:19","Normal","63000000","4031225788862016","ACTIVE","2.52","2025-10-23 10:44:32","2028-07-04 00:00:00","the project contain\nBuilding number 7 - G +4 + R, with total number of 59 residential units\n\nResidential units 59\nCommercial units 0","Wadi Al Safa 5","Dubai Development Authority (DDA)","0","0","0","59",""
"3403","INTERSTELLAR TOWER","1742","BOUJEE REAL ESTATE DEVELOPMENT L.L.C","2026-02-28 00:00:00","2028-09-30 00:00:00","2025-12-22 15:16:56","Normal","82000000","01434279264","ACTIVE","0","2025-12-18 12:39:16","","G+5P+24+R RESIDENTIAL, COMMERCIAL AND RETAIL BUILDING","Al Barsha South Fifth","Trakhees","0","0","0","341",""
"3420","Mayfair Nexus by Seven Mayfair","1925","SEVEN MAYFAIR REAL ESTATE DEVELOPMENT L.L.C","2026-01-01 00:00:00","2028-12-31 00:00:00","2025-09-10 16:23:15","Normal","220000000","13713344920002","ACTIVE","0.64","2026-03-12 16:25:13","","Project consists of 9 connected buildings; each building consists of a Basement + Retail on Ground Floor + 4 Residential Floors + Roof.The project designed to have a concrete structure and block with internal and external finishes.","Wadi Al Safa 7","Dubai Development Authority (DDA)","0","0","0","473",""
"3497","A Y A by Palace Group","2096","P G S P V TEN REAL ESTATE DEVELOPMENT L.L.C","2026-01-01 00:00:00","2028-06-30 00:00:00","","Normal","40000000","","PENDING","0","2025-12-08 12:43:06","","B1+G+2P+8+R Residential Building","Al Satwa","","1","0","0","0",""
"3592","Symphony by Chaimaa","1166","DEVAL REAL ESTATE DEVELOPMENT L.L.C","2026-02-01 00:00:00","2027-08-31 00:00:00","2026-02-17 11:52:25","Normal","40742100","10489852820012","ACTIVE","0","2026-01-06 16:27:38","","PROPOSED RESIDENTIAL WITH RETAILB2 LOW LEVEL+B2 HIGH LEVEL\n+B1+G+8+TECHNICAL+H.CLUB FLOOR\n","Wadi Al Safa 3","","0","0","0","71",""
"3679","Confident Preston","2295","CASA PRESTON REAL ESTATE L.L.C","2026-01-14 00:00:00","2028-04-14 00:00:00","","Normal","23482480","","PENDING","0","2025-05-08 18:39:04","","The building consists of G+9 floors and includes comprehensive residential services, in addition to rooftop facilities.","Wadi Al Safa 2","","0","0","0","99",""
"3691","Trump Tower","2305","DAR GLOBAL LUXURY PROPERTY DEVELOPMENT L.L.C S.O.C","2026-01-15 00:00:00","2031-12-31 00:00:00","2025-04-29 10:33:51","Normal","300000000","0205879614802","ACTIVE","0.01","2025-08-19 11:17:16","","The project is located on Sheikh Zayed Road and will include branded residential apartments, a pool and gymnasium, backside multistorey parking on a different plot, and various amenities such as SPA, and F&Bs. \nThe project is described as G+79 and will consist of a total of 572 units.","Trade Center First","Dubai Municipality","0","0","0","574",""
"3732","Waada - Cascada 2","2254","BT PROPERTIES DWC LLC","2026-03-18 00:00:00","2029-03-17 00:00:00","2025-12-10 12:07:11","Normal","172786300","1001468010000005","ACTIVE","0","2025-05-02 15:09:25","","G+16 Floor","Madinat Al Mataar","Dubai South","0","0","0","249",""
"3749","Olbia","1162","NSHAMA PROPERTIES OWNED BY NSHMI DEVELOPMENT ONE PERSON COMPANY L.L.C","2026-01-30 00:00:00","2028-05-31 00:00:00","2025-05-28 11:08:31","Normal","127718022","4031224702173094","ACTIVE","0","2025-05-12 11:36:53","2028-05-31 00:00:00","G+2P+10+Parking in ground floor & Podium Floors","Al Yelayiss 2","Dubai Development Authority (DDA)","0","0","0","156",""
"3805","The Weave","1955","THE WEAVE REAL ESTATE DEVELOPMENT L.L.C","2026-03-01 00:00:00","2028-09-01 00:00:00","2025-07-15 11:47:26","Normal","65844240","4031226874860002","ACTIVE","0","2025-06-09 19:08:03","","G+5P+13Floors+Amenities","Al Barsha South Fourth","Trakhees","0","0","0","130",""
"3809","Hayat 2","1142","DUBAI SOUTH PROPERTIES DWC LLC","2026-01-10 00:00:00","2028-05-31 00:00:00","2025-06-17 11:55:53","Normal","314131975","0205928147605","ACTIVE","0","2026-03-13 06:28:16","","Hayat 2 is a phase of townhouse communities featuring a mix of 3, 4, and 5-bedroom units. comprises 142 townhouses","Madinat Al Mataar","Dubai South","0","0","142","0",""
"3810","Hayat 3 ","1142","DUBAI SOUTH PROPERTIES DWC LLC","2026-01-30 00:00:00","2028-05-30 00:00:00","2025-06-17 12:03:27","Normal","313074954","0205928147603","ACTIVE","0","2026-03-13 06:31:46","","Hayat 3 is a phase of townhouse communities featuring a mix of 3, 4, and 5-bedroom units. comprises 144 townhouses","Madinat Al Mataar","Dubai South","0","0","144","0",""
"3818","AUM 99 Residences","2250","AUM 99 HOME REAL ESTATE DEVELOPMENTS L.L.C","2026-03-31 00:00:00","2029-03-31 00:00:00","2026-03-12 13:44:47","Normal","37500000","0205937932202","ACTIVE","0","2025-07-15 11:09:38","","One Residential Building (B2+G+11+ROOF)","Wadi Al Safa 5","","0","0","0","186",""
"3832","Pinewood Estate Homes","2249","JGE REAL ESTATE L.L.C","2026-03-18 00:00:00","2028-11-17 00:00:00","2025-06-18 11:59:09","Normal","720951905","0205915786603","ACTIVE","0.32","2026-01-23 10:22:47","","Total of 247 (G+1 villas & G+1 + Roof villas)","Me'Aisem First","Trakhees","0","0","247","0",""
"3869","Talea","2264","MANAROLA REAL ESTATE DEVELOPMENTS L.L.C","2026-03-30 00:00:00","2028-06-30 00:00:00","2025-07-29 09:22:01","Normal","326000000","0205924186903","ACTIVE","0","2026-03-17 10:57:41","","Residential Building G +3P+ 41 Floor +Roof","Madinat Dubai Almelaheyah","Trakhees","0","0","0","354",""
"3883","Elevia Residences II","2260","VALORES WBAY PROPERTY DEVELOPMENT L.L.C","2026-01-20 00:00:00","2028-01-19 00:00:00","","Normal","32000000","","PENDING","0","2026-02-02 18:21:42","","Residential Building (B+G+5+R)","Warsan Fourth","","1","0","0","0",""
"3890","Eywa The Way Of Water","1807","REVOLUTION PALM REAL ESTATE L.L.C","2026-02-15 00:00:00","2028-10-15 00:00:00","2026-03-11 14:09:02","Normal","261283787","3004049510000002","ACTIVE","0","2025-10-16 10:50:03","","G+27+R - Residential and Amenities","Business Bay","","0","0","0","65",""
"4028","Fiori","1162","NSHAMA PROPERTIES OWNED BY NSHMI DEVELOPMENT ONE PERSON COMPANY L.L.C","2026-03-16 00:00:00","2028-06-30 00:00:00","2025-09-18 10:10:37","Normal","124901695","4031224702173101","ACTIVE","0","2025-08-13 09:58:55","","G+2P+10+parking in Ground floor & podium floors","Al Yelayiss 2","Dubai Development Authority (DDA)","0","0","0","146",""
"4031","SERA 1","1275","MINA RASHID PROPERTIES L.L.C","2026-02-26 00:00:00","2029-11-30 00:00:00","2025-08-25 13:17:40","Normal","243902724","9009224036986014","ACTIVE","0","2025-08-07 11:09:39","","Residential Development Consisting of two Buildings: Total 203 units \nTower A (G+P+7): Total of 96 units\nTower B (G+P+8): Total of 107 units\n","Madinat Dubai Almelaheyah","Trakhees","0","0","0","203",""
"4032","SERA 2","1275","MINA RASHID PROPERTIES L.L.C","2026-02-26 00:00:00","2029-11-30 00:00:00","2025-08-14 16:35:29","Normal","223485648","12750345830005","ACTIVE","0","2025-08-07 11:12:22","","Residential Development Consisting of two Buildings: Total 183 units \nTower A (G+P+6): Total of 83 units\nTower B (G+P+7): Total of 100 units\n","Madinat Dubai Almelaheyah","Trakhees","0","0","0","183",""
"4038","Hayat 4 ","1142","DUBAI SOUTH PROPERTIES DWC LLC","2026-03-30 00:00:00","2028-07-31 00:00:00","2025-09-10 14:17:36","Normal","454596261","0205928147608","ACTIVE","0","2026-03-13 06:34:40","","The project consists of 200 modern townhouses offering a mix of 3, 4, and 5-bedroom units.","Madinat Al Mataar","Dubai South","0","0","200","0",""
"4040","Astra Residences","1157","DUGASTA PROPERTIES DEVELOPMENT L.L.C","2026-01-01 00:00:00","2027-08-31 00:00:00","2025-12-23 12:11:05","Normal","32000000","012008923815","ACTIVE","10.38","2026-02-20 13:51:01","","G+4+R","Madinat Al Mataar","Dubai South","0","0","0","108",""
"4044","Rise by Athlon 1","1657","AURORA SPV 3 L.L.C","2026-01-15 00:00:00","2029-12-30 00:00:00","2025-09-09 13:07:52","Normal","717786000","4031225788876008","ACTIVE","0","2025-08-14 17:01:40","","Rise by Athlon 1 , Azul, Teal, Magenta is a residential which consists of:\nAzul Tower ? G+2P+27\n Teal Tower ? G+2P+24\n Magenta Tower ? G+2P+21\n Total residential units: 650","Wadi Al Safa 5","Dubai Development Authority (DDA)","0","0","0","650",""
"4045","Rise by Athlon 2","1657","AURORA SPV 3 L.L.C","2026-01-15 00:00:00","2030-01-30 00:00:00","2025-09-09 13:09:21","Normal","448872000","4031225788876010","ACTIVE","0","2025-08-14 17:14:54","","Rise by Athlon 4 , Cyan & Neon is a residential which consists of: \nNeon Tower ? G+2P+21\nCyan Tower ? G+2P+24\n Total residential units: 407","Wadi Al Safa 5","Dubai Development Authority (DDA)","0","0","0","407",""
"4046","Rise by Athlon 3","1657","AURORA SPV 3 L.L.C","2026-01-15 00:00:00","2030-01-30 00:00:00","2025-09-09 13:10:20","Normal","178464000","4031225788876012","ACTIVE","0","2025-08-14 17:15:39","","Rise by Athlon 3 , Grid & Tempo is a residential which consists of:\nGrid Building  G+1P+4\n Tempo Building  G+1P+4\n Total residential units: 120","Wadi Al Safa 5","Dubai Development Authority (DDA)","0","0","0","120",""
"4047","Rise by Athlon 4","1657","AURORA SPV 3 L.L.C","2026-01-15 00:00:00","2029-12-30 00:00:00","2025-09-09 13:11:27","Normal","99915000","4031225788876014","ACTIVE","0","2025-08-14 17:16:25","","Rise by Athlon 4 , Foundry is a residential which consists of:\nFoundry Building  G+1P+4\nTotal residential units: 66","Wadi Al Safa 5","Dubai Development Authority (DDA)","0","0","0","66",""
"4052","ALDER AT PARK FIVE","15","DEYAAR DEVELOPMENT (P.J.S.C)","2026-03-01 00:00:00","2027-12-31 00:00:00","2025-10-02 12:16:42","Normal","55200000","454761830007","ACTIVE","0","2025-08-18 15:30:17","","B (Services)+G + 5 Res. Floor + Retail","Me'Aisem First","Dubai Development Authority (DDA)","0","0","0","75",""
"4053","Hayat 5","1142","DUBAI SOUTH PROPERTIES DWC LLC","2026-03-30 00:00:00","2028-07-30 00:00:00","2025-09-10 14:20:44","Normal","265442749","0205928147610","ACTIVE","0","2026-03-13 06:46:24","","The project consists of 112 modern townhouses offering a mix of 4, and 5-bedroom units.","Madinat Al Mataar","Dubai South","0","0","112","0",""
"4057","Helvetia Verde","1619","D H G PROPERTY DEVELOPMENT L.L.C","2026-01-01 00:00:00","2027-11-30 00:00:00","2025-10-10 13:33:48","Normal","63400000","29409887","ACTIVE","0","2025-08-26 16:07:17","","G+2P+17+R w/ retail at ground","Bukadra","Dubai Municipality","0","0","0","109",""
"4061","Floarea Breeze","1542","MASHRIQ ELITE REAL ESTATE DEVELOPMENT L.L.C","2026-01-01 00:00:00","2028-06-30 00:00:00","2025-11-25 15:23:07","Normal","32500000","13613635820004","ACTIVE","0","2025-08-27 20:22:15","","Residential Building (G+6+Roof)","Palm Deira","Trakhees","0","0","0","52",""
"4064","DAMAC DISTRICT","954","DAMAC CRESCENT PROPERTIES","2026-02-14 00:00:00","2029-03-30 00:00:00","2025-09-03 13:00:36","Normal","367556140","019000091174","ACTIVE","0.12","2026-02-18 14:36:44","","Project consists of 3 towers; Tower A: G+2P+26+R - residential building, Tower B:\nG+2P+29+R- residential building and Tower C: G+2P+10+R commercial located in Al\nHebiah Third, Plot no. 6768567, Damac Hills, Dubai, United Arab Emirates. The building is\ndesigned to have a concrete structure and block with internal and external finishes.","Al Hebiah Third","Dubai Development Authority (DDA)","0","0","0","1066",""
"4066","Avida Residences","2139","SERENE MARINA REAL ESTATE DEVELOPMENT L.L.C","2026-01-02 00:00:00","2027-12-01 00:00:00","2025-09-11 09:57:55","Normal","35000000","1010016150","ACTIVE","0.02","2026-01-02 13:42:48","","G+P+6","Palm Deira","Trakhees","0","0","0","50",""
"4067","Grand Polo - Chevalia Estate 2","1211","EMAAR DEVELOPMENT P.J.S.C.","2026-02-16 00:00:00","2029-06-30 00:00:00","2025-09-10 15:04:50","Normal","460598646","001640196282001","ACTIVE","0.55","2026-03-04 14:11:15","","Residential development consisting of 124 villas (G+2)\n","Dubai Investment Park Second","Dubai Municipality","0","0","124","0",""
"4071","Wedyan","2054","WEDYAN AL GHURAIR REAL ESTATE DEVELOPMENT L.L.C","2026-03-15 00:00:00","2029-09-15 00:00:00","2025-09-22 14:01:56","Normal","920000000","019000089390","ACTIVE","0","2025-09-01 17:51:08","","Residential and Commercial Building (3B + G + 46 Floors + R)","Business Bay","Dubai Development Authority (DDA)","0","0","0","164",""
"4073","Bond Living","1905","PEARLSHIRE DIRC REAL ESTATE DEVELOPMENT L.L.C","2026-03-01 00:00:00","2028-09-30 00:00:00","2025-11-17 18:11:08","Normal","37600000","13574882920003","ACTIVE","0","2025-09-04 16:18:05","","Basement + Ground + 11 Residential Floors + Roof","Wadi Al Safa 5","Dubai Development Authority (DDA)","0","0","0","94",""
"4076","Azizi Wares","1002","AZIZI DEVELOPMENTS L.L.C","2026-03-04 00:00:00","2028-03-04 00:00:00","2026-04-03 13:47:50","Normal","87053200","011177627018","ACTIVE","2","2026-03-18 18:28:27","","PROPOSED G+3P+6+R RESIDENTIAL/ COMMERCIAL BUILDING","Jabal Ali Industrial Second","Trakhees","0","0","0","336",""
"4081","Breez by Danube","1009","DANUBE PROPERTIES DEVELOPMENT L.L.C","2026-01-01 00:00:00","2029-06-30 00:00:00","2025-09-18 10:41:41","Normal","510000000","4031221746692063","ACTIVE","0.04","2026-03-12 11:52:59","","Residential Building with Retails at Ground floor (1B+G+8P+1st Floor (Amenities)+46 Residential Floors + 2 Partial Mech. & Residential Floors + Roof","Madinat Dubai Almelaheyah","Trakhees","0","0","0","1200",""
"4084","Soulever' By Beyond","2324"," BEYOND 1 REAL ESTATE DEVELOPMENT L.L.C ","2026-03-30 00:00:00","2028-12-30 00:00:00","2025-09-29 14:45:02","Normal","645000000","0205926829003","ACTIVE","0","2025-09-11 16:41:08","","Proposed 2B+G+3P+31/44 Story Mixed Use "" Commercial & Residential"" 2 Towers","Madinat Dubai Almelaheyah","Trakhees","0","0","0","517",""
"4085","Waada - Altura 2","2254","BT PROPERTIES DWC LLC","2026-03-15 00:00:00","2029-03-14 00:00:00","2025-10-10 13:43:33","Normal","150129399","012648006274","ACTIVE","0","2025-09-22 16:32:16","","B+G+2P+28","Madinat Al Mataar","Dubai South","0","0","0","365",""
"4089","Solaya (1,2,3)","1824","LA MER NORTH PROPERTY CO. L.L.C","2026-01-30 00:00:00","2029-06-30 00:00:00","2025-09-24 14:24:31","Normal","636666894","1010028254","ACTIVE","0","2026-03-23 10:34:33","","-	3 Residential Buildings comprising of 67 Residential units (2BHK=14, 3BHK=22, 4BHK=24, 5BHK=4, PH=3)\n-	Solaya 1 : B+G+6+R (18# -Resi. Units).\n-	Solaya 2 : B+G+7+R (22# - Resi. Units).\n-	Solaya 3 : B+G+8+R (27# - Resi. Units).","Jumeirah First","Dubai Development Authority (DDA)","0","0","0","67",""
"4092","LEGACY HEIGHTS","2399","LEGACY HOMES REAL ESTATE DEVELOPMENT DWC-LLC","2026-04-04 00:00:00","2029-04-04 00:00:00","2026-04-01 12:58:46","Normal","35000000","1010153839","ACTIVE","0","2025-10-06 13:49:31","","G+6 Residential Building at Plot No. RG-67","Madinat Al Mataar","Dubai South","0","0","0","87",""
"4093","241 Waterside","2390","LEGACY STAR REAL ESTATE DEVELOPMENT L.L.C","2026-01-15 00:00:00","2028-06-15 00:00:00","2025-11-11 12:48:27","Normal","42000000","0205935550405","ACTIVE","0","2025-10-30 16:10:32","","Residential Building(G+2P+8 Floors Roof) + Entertainment area @ Podium 2F + Swimming Pool @ Roof","Palm Deira","Trakhees","0","0","0","63",""
"4096","Azizi David","1002","AZIZI DEVELOPMENTS L.L.C","2026-02-03 00:00:00","2028-09-30 00:00:00","2026-02-24 11:48:32","Normal","65141200","011176843014","ACTIVE","2","2026-03-17 17:04:35","","PROPOSED RESIDENTIAL BUILDING 3B+G+4P+15+R ","Al Jadaf","Dubai Development Authority (DDA)","0","0","0","256",""
"4099","Jasmine Residence","2279","DAR COMFORT REAL ESTATE L.L.C","2026-02-15 00:00:00","2027-12-31 00:00:00","","Normal","38000000","","PENDING","0","2026-01-28 12:47:10","","Residential building (b+g+4 Floor + Roof ) with retail @GF + Swimming Pool @ first Floor)","Al Barsha South Fifth","","1","0","0","0",""
"4111","Sakura Gardens ","1669","HRE REAL ESTATE DEVELOPMENT L.L.C","2026-03-01 00:00:00","2029-06-30 00:00:00","2025-10-01 13:48:38","Normal","850000000","0012157179023","ACTIVE","0","2025-09-19 16:32:17","","Residential Building (B+G+9 floor + Retail in Ground Floor )","Wadi Al Safa 2","Dubai Development Authority (DDA)","0","0","0","1429",""
"4115","Aurea","1275","MINA RASHID PROPERTIES L.L.C","2026-03-31 00:00:00","2030-06-30 00:00:00","2025-09-26 09:45:55","Normal","164321560","12750345830007","ACTIVE","0","2025-09-19 11:15:17","","Residential Development\nConsisting of one Building: Total 169 units\nTower: (G+P+13): Total of 169 units\nRetails : 3 Units on Ground Floor","Madinat Dubai Almelaheyah","Trakhees","0","0","0","172",""
"4118","Crystal Tower","2337","V H S REAL ESTATE DEVELOPMENTS L.L.C","2026-01-01 00:00:00","2028-12-01 00:00:00","2025-12-24 09:53:47","Normal","34500000","0800008852002","ACTIVE","0","2025-10-15 18:12:41","","Commercial & Residential Building (G+2P+7F+R)","Al Warsan First","Dubai Development Authority (DDA)","0","0","0","110",""
"4122","Solaya (4,6)","1941","LA MER CENTRAL PROPERTY CO. L.L.C","2026-03-31 00:00:00","2029-09-30 00:00:00","2025-11-28 10:46:12","Normal","398291189","1010083457","ACTIVE","0","2025-11-11 10:42:08","","2 Residential Buildings comprising of 44 Residential units (2BHK=10, 3BHK=17, 4BHK=12, 5BHK=3, PH=2)\nSolaya 4: B+G+R+6 (18# -Resi. Units).\nSolaya 6: B+G+R+7 (26# -Resi. Units).\n","Jumeirah First","Dubai Development Authority (DDA)","0","0","0","176",""
"4123","Solaya (5,7)","1941","LA MER CENTRAL PROPERTY CO. L.L.C","2026-03-31 00:00:00","2029-09-30 00:00:00","2025-11-28 10:52:37","Normal","524319595","1010083432","ACTIVE","0","2025-11-04 10:40:30","","2 Residential Buildings comprising of 55 Residential units (2BHK=8, 3BHK=19, 4BHK=22, 5BHK=4, PH=2)\nSolaya 5: B+G+R+7 (26# -Resi. Units).\nSolaya 7: B+G+R+8 (29# -Resi. Units).\n","Jumeirah First","Dubai Development Authority (DDA)","0","0","0","55",""
"4131","Derby Heights","2288","A M I S SIGNATURE DEVELOPMENT L.L.C","2026-02-01 00:00:00","2027-10-31 00:00:00","2025-10-13 11:32:42","Normal","20221250","200884084","ACTIVE","0","2025-09-29 15:58:09","","B+G+4+R","Wadi Al Safa 3","Dubai Municipality","0","0","0","50",""
"4134","The Residences at the Dubai Beach Edition","2503","ED RESIDENCES L.L.C","2026-02-28 00:00:00","2029-11-30 00:00:00","2025-12-12 09:33:48","Normal","500000000","0205895005202","ACTIVE","0","2025-10-03 16:49:34","","Residential Buildings - 4 Buildings with common basement ( Tower A,B,C&D ) and retail ; B+G+P+9+R ( 165 Residential Unit )","Marsa Dubai","Dubai Development Authority (DDA)","0","0","0","169",""
"4137","Sobha SkyParks","966","SOBHA L.L.C","2026-04-01 00:00:00","2032-12-31 00:00:00","2025-12-25 10:26:42","Normal","1340851759","29411206","ACTIVE","0","2025-10-22 14:53:33","","Proposed Residential Development consisting of 5 Basement + Ground + 11 Podiums + 98 Floors + Roof ","Business Bay","Dubai Municipality","0","0","0","684",""
"4138","Nionis Residences - Interiors by Karl Lagerfeld Maison","1972","VAAM REAL ESTATE L.L.C","2026-02-24 00:00:00","2029-02-01 00:00:00","","Normal","37542582","","PENDING","","","","Residential Building (UG/G +1 Podium + 6 Floors + Roof ) With Swimming Pool @ Roof","Palm Deira","","1","0","0","0",""
"4141","Azizi Lina","1002","AZIZI DEVELOPMENTS L.L.C","2026-02-03 00:00:00","2028-09-30 00:00:00","2026-04-03 12:08:56","Normal","52698200","011178617018","ACTIVE","2","2026-03-17 17:15:53","","RESIDENTIAL/ RETAIL BUILDING 4B+G+3P+8+RF","Jabal Ali Industrial Second","Trakhees","0","0","0","242",""
"4142","DIVINE ELEMENTS ","1520","TAKMEEL REAL ESTATE DEVELOPMENT L.L.C","2026-01-01 00:00:00","2027-12-31 00:00:00","2025-11-06 15:19:40","Normal","20000000","200892061","ACTIVE","0","2025-10-15 15:19:29","","G+04 Residential Building ","Madinat Al Mataar","Dubai South","0","0","0","90",""
"4145","J188","1901","JAD GLOBAL REAL ESTATE DEVELOPMENT L.L.C","2026-04-01 00:00:00","2028-04-30 00:00:00","2025-12-29 10:59:50","Normal","60000000","001582227914701","ACTIVE","0","2025-11-07 12:01:11","","G+2P+13+R Residencial Building","Al Jadaf","Dubai Development Authority (DDA)","0","0","0","131",""
"4146","PEACE AVENUE BY PEACE HOMES","1745","PEACE HOMES DEVELOPMENT L.L.C","2026-01-01 00:00:00","2029-01-31 00:00:00","2026-01-13 12:50:19","Normal","57236989","01434279269","ACTIVE","0","2025-10-08 18:49:42","","Residential and commercial building 2B + G + 3 POD + 14 Floor + Roof","Jabal Ali Industrial Second","Trakhees","0","0","0","266",""
"4147","SKY HARMONY BY PEACE HOMES","2387","PEACE HOMES INTERNATIONAL DEVELOPMENT L.L.C","2026-01-20 00:00:00","2029-01-20 00:00:00","2026-02-12 15:44:06","Normal","36332424","14355169920004","ACTIVE","0","2025-10-08 18:34:59","","G + 4P + 12 Residential Building","Al Barsha South Fourth","","0","0","0","197",""
"4156","Palm Central Private Residences - Frond M","104","THE PALM - JEBEL ALI CO. (L.L.C)","2026-01-02 00:00:00","2029-07-31 00:00:00","2025-10-27 11:17:17","Normal","489385000","4031226981289002","ACTIVE","0","2025-10-16 13:37:10","","Residential Buildings comprising of 212 Residential units (1BHK=72, 2BHK=72, 3BHK=48, 4BHK=8, 4BR TH = 8, 5BHK=2, PH=2) as follows :\n\n-	Building A : B+G+6+R\n(72 Residential Units).\n\n-	Building B: B+G+6+R\n(72 Residential Units).\n\n-	Building C: G+6+R\n(68 Residential Units).\n","Palm Jabal Ali","Trakhees","0","0","0","212",""
"4157","Helvetia Marine","1619","D H G PROPERTY DEVELOPMENT L.L.C","2026-01-23 00:00:00","2028-03-15 00:00:00","2025-11-26 13:26:04","Normal","37200000","29436525","ACTIVE","0","2025-10-14 10:57:17","","G+2P+8 Residential ","Palm Deira","","0","0","0","63",""
"4162","Grand Polo - Equiterra 2","1211","EMAAR DEVELOPMENT P.J.S.C.","2026-02-09 00:00:00","2029-07-31 00:00:00","2025-10-30 15:24:18","Normal","407037034","001640218948401","ACTIVE","0","2025-10-17 15:22:47","","Residential development consisting of 384 townhouse units (G+1)","Dubai Investment Park Second","Dubai Municipality","0","0","384","0",""
"4163","Waada - Altura 1","2254","BT PROPERTIES DWC LLC","2026-04-13 00:00:00","2029-04-12 00:00:00","2025-11-05 12:27:04","Normal","162081745","012719009423","ACTIVE","0","2025-10-16 15:31:40","","2B+G+3P+28F","Madinat Al Mataar","Dubai South","0","0","0","381",""
"4166","Shahrukhz by Danube","1009","DANUBE PROPERTIES DEVELOPMENT L.L.C","2026-01-01 00:00:00","2029-06-30 00:00:00","2025-11-11 11:54:13","Normal","350000000","4031221746692066","ACTIVE","0","2025-10-17 16:48:44","","Mixed Use Building on Plot No. 3720560 at Al Safouh First, Dubai","Al Safouh First","Dubai Development Authority (DDA)","0","0","0","917",""
"4168","VIVIDA Residences","2372","N A M O REAL ESTATE DEVELOPMENT L.L.C","2026-02-01 00:00:00","2027-09-30 00:00:00","2026-03-26 13:12:54","Normal","25000000","3538514517303","ACTIVE","","","","G+4+R Residential Building","Madinat Al Mataar","Dubai South","0","0","0","66",""
"4174","Le Blanc Residence by Imtiaz","2275","IMTIAZ COVE REAL ESTATE DEVELOPMENT L.L.C","2026-01-15 00:00:00","2028-10-15 00:00:00","2025-12-15 12:11:05","Normal","115101572","011184071016","ACTIVE","0.42","2026-03-30 08:07:07","","B+G+3P+17+R - Residential Building","Wadi Al Safa 5","Dubai Development Authority (DDA)","0","0","0","323",""
"4175","Vista by Vision","1806","CLEAR VISION REAL ESTATE DEVELOPMENT L.L.C","2026-01-01 00:00:00","2027-09-01 00:00:00","2025-11-18 16:18:01","Normal","75000000","80260600000078","ACTIVE","0","2025-10-22 17:30:15","","B+G+14+R Residential Building ","Me'Aisem First","Dubai Development Authority (DDA)","0","0","0","328",""
"4176","368 Park Ln","1062","TABEER REAL ESTATE DEVELOPMENT L.L.C","2026-02-28 00:00:00","2028-08-31 00:00:00","2026-01-13 11:51:38","Normal","60000000","1011226170006005","ACTIVE","0","2025-11-04 13:46:02","","UG+1B+G+4P+14+R Residential building","Al Barsha South Fourth","Trakhees","0","0","0","213",""
"4177","THE EDIT at d3","1510","DHRE 2 BTS L.L.C","2026-01-10 00:00:00","2030-01-31 00:00:00","2025-11-06 13:02:01","Normal","900000000","29427113","ACTIVE","0","2025-10-27 14:39:48","","Residential project consists of Three Residential Towers:  \n	Tower-A 3B+G+30, 182 units. \n	Tower-B 3B+G+37, 177 units.\n	Tower-C 3B+G+33, 198 units.\n	Total (557) Residential Units.\nIncluding the following:\no	1-bedroom apartments.\no	2-bedroom apartments.\no	3- bedroom apartments.\no	4- bedroom apartments.\no	5- bedroom Penthouses.","Zaabeel Second","Dubai Development Authority (DDA)","0","0","0","557",""
"4178","Coventry 2","2224","G F S REAL ESTATE DEVELOPMENT L.L.C","2026-03-01 00:00:00","2028-12-01 00:00:00","2026-04-06 10:41:41","Normal","102000000","19543516","ACTIVE","0","2025-11-11 12:11:12","","Residential Building ( 2B+G+3P+15+R) with Retails@ GF","Warsan Fourth","Trakhees","0","0","0","372",""
"4180","Route 66","2411","DEERFIELDS REAL ESTATE DEVELOPMENT L.L.C S.O.C","2026-01-20 00:00:00","2027-12-12 00:00:00","2026-01-14 15:33:04","Normal","11000000","19564270","ACTIVE","0","2025-11-03 10:26:08","","G+4+R","Saih Shuaib 1","Dubai Development Authority (DDA)","0","0","0","24",""
"4185","Grand Polo - Equiterra ","1211","EMAAR DEVELOPMENT P.J.S.C.","2026-03-09 00:00:00","2029-08-31 00:00:00","2025-11-04 12:31:29","Normal","629557055","3538215410321","ACTIVE","0","2025-10-28 11:40:23","","Residential development consisting of 37 villas (G+2) and 510 townhouse units (G+1)\n","Dubai Investment Park Second","Dubai Municipality","0","0","547","0",""
"4190","Prestige One Residences","2257","PRESTIGE LUXE REAL ESTATE DEVELOPMENT L.L.C","2026-02-01 00:00:00","2029-12-31 00:00:00","2025-11-19 08:46:02","Normal","170000000","0405920610407","ACTIVE","0","2025-10-29 19:26:56","","G+4P+35+Roof","Madinat Dubai Almelaheyah","Trakhees","0","0","0","220",""
"4195","LIA","1511","AVENEW REAL ESTATE DEVELOPMENT L.L.C","2026-03-20 00:00:00","2028-05-20 00:00:00","2025-11-27 09:27:11","Normal","70000000","001582223588301","ACTIVE","0","2025-10-31 12:34:12","","Residential Residential LIA comprising of 81 \nResidential units (1BHK=36, 2BHK=37, 3BHK=6, \nPenthouse Simplex 3BHK=1,Penthouse Simplex 2BHK=1) and 1 retail unit. \nDuplex 3BHK=4 and Penthouse Duplex 4BHK=1)","Palm Deira","Trakhees","0","0","0","82",""
"4196","SUNVALE","2308","PRYSM REAL ESTATE DEVELOPMENT L.L.C","2026-02-01 00:00:00","2028-05-31 00:00:00","2025-11-28 10:00:56","Normal","46954728","019500000868","ACTIVE","0","2025-11-07 11:02:03","","B2+GF+2P+14F+RF","Jabal Ali First","Trakhees","0","0","0","94",""
"4197","PARKGREEN RESIDENCES BY ALISHAAN","2297","ALISHAAN DEVELOPMENTS L.L.C","2026-01-01 00:00:00","2028-06-30 00:00:00","2025-11-27 08:34:47","Normal","45000000","0012505172002","ACTIVE","0","2025-11-10 14:37:25","","G+9+ RESIDENTIAL BUILDING","Wadi Al Safa 2","Dubai Development Authority (DDA)","0","0","0","116",""
"4198","Creek Bay","1224","DUBAI CREEK HARBOUR L.L.C","2026-03-31 00:00:00","2030-04-30 00:00:00","2025-11-13 10:36:37","Normal","1062079000","0205668118513","ACTIVE","0","2025-11-03 16:40:16","","Proposed Multi-storey Residential Development\n(B+G+3P+23 Floor+ Roof)\nHaving 219 residential units.\n","Al Khairan First","Dubai Development Authority (DDA)","0","0","0","766",""
"4202","Soel","2177","LIVING QUALITY PROPERTIES L.L.C","2026-01-01 00:00:00","2029-05-01 00:00:00","","Normal","250000000","019000088483","PENDING","0","2025-11-06 11:43:10","","Ground + 6 Podium + 30 Floor + Roof","Al Barshaa South Third","","0","0","0","841",""
"4205","Blossom 40","1812","TRANQUIL INFRA DEVELOPERS L.L.C","2026-02-01 00:00:00","2028-03-31 00:00:00","2025-12-16 11:38:50","Normal","35200000","001582225481701","ACTIVE","0","2025-11-04 17:59:10","","B+G+9 TYP+R Residential Building","Wadi Al Safa 3","Dubai Development Authority (DDA)","0","0","0","66",""
"4209","The Oasis - Palmiera Collective","555","EMAAR PROPERTIES (P.J.S.C)","2026-01-03 00:00:00","2029-02-28 00:00:00","2025-11-18 19:01:49","Normal","200840640","3537653378605","ACTIVE","0","2025-11-05 17:02:26","","Residential development consisting of 38 villas (B+G+2)\n","Me'Aisem Second","Dubai Municipality","0","0","38","0",""
"4212","ELARIS AXIS","1579","OBJECT ONE REAL ESTATE DEVELOPMENT L.L.C","2026-01-10 00:00:00","2028-11-30 00:00:00","","Normal","64550000","","PENDING","0","2025-11-07 16:02:30","","B+G+5P+11 Offices+7+R","Al Barsha South Fifth","","0","0","0","171",""
"4214","R Home MH","2349","BUKADRA DEVELOPMENT L.L.C","2026-03-31 00:00:00","2029-08-31 00:00:00","2025-11-18 09:19:35","Normal","145048874","14373766920002","ACTIVE","0","2025-11-07 14:12:07","","Residential Building B+G+3P+20 floors ","Bukadra","Dubai Municipality","0","0","0","190",""
"4218","Lincoln Star Residence III","2486","LINCOLN PARK REAL ESTATE DEVELOPMENT L.L.C","2026-02-01 00:00:00","2028-07-31 00:00:00","","Normal","21000000","1002414010000003","PENDING","0","2025-11-07 11:02:13","","This project consists of (UG+G+6+ROOF) Residential Building Ground Floor+6 Residential floors +Lower & Upper roofs. There are 76 Of apartments including 19 Nos. of Studio apartments, 18 Nos of 1-bedroom apartments, 39 Nos of 2-bedroom apartments, and there is a facility such as gymnasium and swimming pool with landscaped area for residents provided on the Roof top level. There are 74 Nos. of car parking facilities available for residents and for visitors as per regulations.","Madinat Al Mataar","","0","0","0","76",""
"4219","The Valley - Ovelle","1211","EMAAR DEVELOPMENT P.J.S.C.","2026-02-13 00:00:00","2029-12-31 00:00:00","2025-11-18 18:46:41","Normal","370289914","9009221997653054","ACTIVE","0","2025-11-10 10:29:52","","Residential development consisting of 133 villas (G+2)\n","Al Yufrah 1","Dubai Development Authority (DDA)","0","0","133","0",""
"4220","The Valley - Avelia","1211","EMAAR DEVELOPMENT P.J.S.C.","2026-03-16 00:00:00","2029-12-31 00:00:00","2025-11-18 18:48:51","Normal","394816194","9009221997653057","ACTIVE","0","2025-11-10 10:33:48","","Residential development consisting of 139 villas (G+2)\n","Al Yufrah 1","Dubai Development Authority (DDA)","0","0","139","0",""
"4221","BARARIGATE by ADE","1551","A D E PROPERTIES L.L.C","2026-01-13 00:00:00","2028-12-31 00:00:00","2026-01-05 13:23:25","Normal","155000000","0205867429702","ACTIVE","0","2025-11-07 12:15:20","","Bararigate by ADE is a contemporary building located in Majan, featuring G+P+10F+R of Residential spaces offering a diverse range of living options including Studios, 1BHK, 2 BHK & 3 BHK residences, as well as retail shops at Ground Floor.","Wadi Al Safa 3","Dubai Development Authority (DDA)","0","0","0","282",""
"4225","Creek Haven","1224","DUBAI CREEK HARBOUR L.L.C","2026-03-21 00:00:00","2030-03-31 00:00:00","2025-11-20 00:13:56","Normal","776338870","12750204830001","ACTIVE","0","2025-11-11 17:04:35","","The project is a multi-story residential building consisting of\nBasement, ground floor with an attached nursery, 3 podium levels \nTower(A) - 30 floors\nRoof level\nWith Total Residential Units 274\n","Al Khairan First","Dubai Development Authority (DDA)","0","0","0","594",""
"4230","Azizi Noura","1002","AZIZI DEVELOPMENTS L.L.C","2026-03-04 00:00:00","2028-03-04 00:00:00","","Normal","79662000","","PENDING","0","2025-11-12 12:19:27","","3B + G + 3P + 8 + R\nCOMMERCIAL / RESIDENTIAL","Jabal Ali Industrial Second","","0","0","0","269",""
"4232","Azizi Gabriel","1002","AZIZI DEVELOPMENTS L.L.C","2026-03-04 00:00:00","2028-03-04 00:00:00","","Normal","74542000","","PENDING","0","2025-11-12 14:41:38","","4B + G + 3P + 8 + R\nCOMMERCIAL / RESIDENTIAL","Jabal Ali Industrial Second","","0","0","0","234",""
"4233","Azizi Leily","1002","AZIZI DEVELOPMENTS L.L.C","2026-03-04 00:00:00","2028-09-30 00:00:00","2026-04-03 13:52:18","Normal","68932000","011180331014","ACTIVE","2","2026-03-17 17:12:05","","3B+G+4P+15+LR+UR+MR , RESIDENTIAL BUILDING","Al Jadaf","Dubai Development Authority (DDA)","0","0","0","272",""
"4235","Art House Hills by Adaan and Tuscany ","2530","ART HOUSE HILLS RESIDENCES DEVELOPMENT L.L.C","2026-02-01 00:00:00","2028-12-01 00:00:00","2026-01-13 13:51:46","Normal","180000000","0012511641002","ACTIVE","0","2025-11-17 15:04:09","","Proposed 2B+G+17F+Roof Residential cum Retail Building","Al Barshaa South Third","Dubai Development Authority (DDA)","0","0","0","656",""
"4236","ZYRA HILLS","2127","LARAIX DEVELOPERS L.L.C","2026-02-04 00:00:00","2028-03-30 00:00:00","2025-12-12 09:24:58","Normal","22452000","3718486175103","ACTIVE","0","2025-11-22 10:37:24","","Residential Building (B+G+7+R)","Warsan Fourth","Trakhees","0","0","0","81",""
"4237","Serro The Heights","1211","EMAAR DEVELOPMENT P.J.S.C.","2026-03-19 00:00:00","2030-03-31 00:00:00","2025-11-25 17:24:21","Normal","914304924","10653441830005","ACTIVE","0","2025-11-14 16:51:09","","Residential development consisting of 383 villas (G+2)\n","Al Yelayiss 5","Dubai Municipality","0","0","383","0",""
"4239","MIA TOWER","1943","STAMN REAL ESTATE DEVELOPMENT L.L.C","2026-02-28 00:00:00","2028-02-29 00:00:00","","Normal","138055000","","PENDING","0","2026-01-27 10:26:13","","G+3P+20+R","Bukadra","","0","0","0","210",""
"4241","AVIOR","2278","ACUBE NOVA REAL ESTATE DEVELOPMENT L.L.C","2026-01-01 00:00:00","2030-01-01 00:00:00","","Normal","770000000","","PENDING","3","2025-11-28 10:05:57","","Tower A 3B+G+M+10P+73 Floors+7Mech. Floors and\nTower B 3B+G+M+10P+73 Floors+7Mech. Floors","Al Wasl","","1","0","0","0",""
"4242","CLOVER","2402","R3R LUXE REAL ESTATE DEVELOPMENT L.L.C","2026-03-31 00:00:00","2028-11-06 00:00:00","","Normal","61000000","0205949484303","PENDING","0","2025-11-18 16:08:15","","The project is a fully integrated residential building located in the Wadi Al Safa area of Dubai. It aims to provide modern, high-quality residential units that meet the needs of families and individuals. The project benefits from a strategic location with easy access to major roads and nearby services, ensuring convenient connectivity to key destinations across the city.","Wadi Al Safa 5","","0","0","0","176","Wadi Hills"
"4248","OMYA RESIDENCES","1364","PANTHEON ELYSEE REAL ESTATE DEVELOPMENT L.L.C","2026-03-01 00:00:00","2028-06-30 00:00:00","2026-04-09 15:07:25","Normal","100500000","12107757920015","ACTIVE","0","2025-12-10 12:04:30","","B+G+2P+12+R","Jabal Ali First","Dubai Municipality","0","0","0","416","VOXA RESIDENCES"
"4251","Villa dell Arte","2289","AMBERTON RESIDENCES REAL ESTATE L.L.C","2026-03-25 00:00:00","2027-12-27 00:00:00","2026-01-08 15:08:16","Normal","51000000","012018986831","ACTIVE","0","2025-12-18 17:55:30","","Residential Building (G+2P+8+R)","Palm Deira","Trakhees","0","0","0","64",""
"4253","Haus of Tenet","2434","IRTH URBAN TWO DEVELOPMENT L.L.C","2026-03-01 00:00:00","2028-08-31 00:00:00","","Normal","250000000","","PENDING","20.62","2025-11-25 14:18:47","","G+3P+17+R","Business Bay","","1","0","0","0",""
"4254","Avion 100","2142","SKY VIEW DEVELOPMENT L.L.C","2026-01-31 00:00:00","2028-05-31 00:00:00","","Normal","42750000","","PENDING","0","2025-11-24 12:49:31","","G+4+R Residential ","Madinat Al Mataar","","0","0","0","100",""
"4255","Nad Al Sheba Gardens Phase 11","1762","NAS ESTATES L.L.C","2026-02-01 00:00:00","2029-07-01 00:00:00","2025-11-27 12:08:08","Normal","690000000","0205865423614","ACTIVE","0","2025-11-25 11:39:04","","Residential project with total number of 210 Townhouses & Villas (G+2) as follows:\n	32 units - (Eight 4-Plex) Townhouse 3-Bedroom\n	78 units - (Thirteen 6-Plex) Townhouse 3-Bedroom\n	27 of 4-Bedroom Villa \n	73 of 5-Bedroom Villa \n","Nad Al Shiba First","Dubai Development Authority (DDA)","0","0","210","0",""
"4257","Verdana 10","1936","REPORTAGE PLUS A REAL ESTATE DEVELOPMENT L.L.C","2026-03-31 00:00:00","2029-03-31 00:00:00","2026-02-03 14:42:46","Normal","73658515","1010118931","ACTIVE","0","2025-11-27 15:55:45","","08 Blocks / 135 unit ?G+1,G+2+G+3 Villas?\n\n+ 1 Gym & Swimming Pool","Dubai Investment Park First","","0","0","135","0",""
"4258","THE CAPE","1740","BARARI THREE REAL ESTATE DEVELOPMENT L.L.C","2026-01-15 00:00:00","2028-12-31 00:00:00","2026-01-29 00:00:00","Normal","260000000","0323632507002","ACTIVE","0","2025-11-26 14:51:30","","Residential building (2B+G+8+Roof) on Plot no. 645-3379 at Albarari, wadi al safa 3, Dubai-UAE ","Wadi Al Safa 3","","0","0","0","288",""
"4259","Artistry One Residences","972","SELECT GLOBAL DEVELOPMENT L.L.C","2026-02-09 00:00:00","2029-02-09 00:00:00","2026-01-20 14:50:17","Normal","313259000","0204977502032","ACTIVE","0","2025-12-29 13:04:51","","227 residential units + 5 retail units","Zaabeel Second","Dubai Development Authority (DDA)","0","0","0","232",""
"4261","Artistry Two Residences","972","SELECT GLOBAL DEVELOPMENT L.L.C","2026-02-09 00:00:00","2029-02-09 00:00:00","2026-01-20 14:46:55","Normal","315133000","0204977502034","ACTIVE","0","2025-12-16 14:28:21","","building contain 235 residential units","Zaabeel Second","Dubai Development Authority (DDA)","0","0","0","235",""
"4268","Verdana Residence 10","1936","REPORTAGE PLUS A REAL ESTATE DEVELOPMENT L.L.C","2026-03-31 00:00:00","2029-03-31 00:00:00","2026-02-05 15:21:58","Normal","72147631","1010118915","ACTIVE","0","2025-11-27 15:56:56","","Residential Building 1B+2P+G+15+R","Dubai Investment Park First","","0","0","0","191",""
"4269","Mareva The Oasis","1211","EMAAR DEVELOPMENT P.J.S.C.","2026-03-22 00:00:00","2030-02-28 00:00:00","2025-12-08 10:42:18","Normal","1018977074","10653441830007","ACTIVE","0","2025-11-28 17:12:32","","Residential development consisting of 311 villas (B+G+2)\n","Me'Aisem Second","Trakhees","0","0","311","0",""
"4270","Mareva 2 The Oasis","1211","EMAAR DEVELOPMENT P.J.S.C.","2026-03-22 00:00:00","2030-02-28 00:00:00","2025-12-08 10:46:09","Normal","1094034876","3538215410324","ACTIVE","0","2025-11-28 17:23:38","","Residential development consisting of 347 villas (B+G+2)\n","Me'Aisem Second","Trakhees","1","0","346","0",""
"4273","AYAMI RESIDENCE, BY AYAT DEVELOPMENT","2182","AYAT REAL ESTATE DEVELOPMENT L.L.C","2026-04-01 00:00:00","2028-12-31 00:00:00","2026-04-09 12:04:03","Normal","125000000","0205915812404","ACTIVE","0","2025-12-23 17:08:09","","(G+1P+6F+R) Residential Building","Al Warsan First","Dubai Development Authority (DDA)","0","0","0","376",""
"4274","City Walk Crestlane 5","1109","CITYWALK RESIDENTIAL 1 L.L.C","2026-02-25 00:00:00","2030-04-25 00:00:00","2025-12-10 12:03:58","Normal","328912708","10502351920030","ACTIVE","0","2025-12-03 16:56:46","","The project is a standard residential apartment development located at Citywalk. It introduces one level shared basement and ground with 2 retails directly accessed from the building facade adjoining the main lobby.\nBuilding A: 2B+G+12+R: comprising 81 units, and\nBuilding B: 2B+G+11+R: comprising 78 units each. In total, the residences include 159 apartments, which offer a mix of unit types: 1-bedroom, 2-bedroom, 3-bedroom, 4-bedroom and duplex apartments.\n","Al Wasl","Dubai Development Authority (DDA)","0","0","0","161",""
"4275","Art House Private Residences By Viva","2158","VIVA REAL ESTATE DEVELOPMENT L.L.C","2026-02-15 00:00:00","2028-02-15 00:00:00","2026-01-13 09:51:10","Normal","39000000","01434279265","ACTIVE","0","2025-12-10 19:10:27","","B+G+4+R","Wadi Al Safa 3","Dubai Municipality","0","0","0","121",""
"4276","LIORA","1935","JAIEDCO REAL ESTATE DEVELOPMENT L.L.C","2026-04-01 00:00:00","2028-01-01 00:00:00","2025-12-25 12:07:38","Normal","40000000","80260600002018","ACTIVE","0","2025-12-05 10:51:39","","G+2P+8+R","Palm Deira","Trakhees","0","0","0","56",""
"4277","Valoria The Oasis","1211","EMAAR DEVELOPMENT P.J.S.C.","2026-01-22 00:00:00","2029-12-31 00:00:00","2025-12-19 10:43:17","Normal","1345996005","9009221997653064","ACTIVE","0","2025-12-08 10:25:54","","Residential development consisting of 257 villas (B+G+2)\n","Me'Aisem Second","Trakhees","0","0","257","0",""
"4280","Palace Residences Hillside B","984","DUBAI HILLS ESTATE L.L.C","2026-02-03 00:00:00","2029-10-31 00:00:00","2025-12-15 16:29:52","Normal","305070300","9009223791259021","ACTIVE","0","2025-12-08 16:53:35","","Bassment + Ground Floor + Podum + 1Residential Building + 5Townhouses G+ 1\nTower: B + G + P + 18 floors, 282 Residential Units\nTownhouses: 5 Residential Units\n","Hadaeq Sheikh Mohammed Bin Rashid","Dubai Development Authority (DDA)","0","0","0","287",""
"4281","SERENIA DISTRICT - EAST","1068","PALMA HOMES REAL ESTATE DEVELOPMENT L.L.C","2026-01-02 00:00:00","2030-06-30 00:00:00","2026-01-27 09:27:51","Normal","1515000000","0012004307011","ACTIVE","0","2025-12-09 15:54:28","","Residential with Retail (Shared B+G+3P+1st Floor including entertainment + (T2 & T6 (25 Residential FL) & T3 & T5 (23 Residential FL) & T2 & T4 20 Residential FL) +R +UR)","Al Thanyah Fifth","","0","0","0","813",""
"4282","SKYON","2450","CALGARY AVENUE SOUTH REAL ESTATE DEVELOPMENT L.L.C","2026-04-01 00:00:00","2028-04-30 00:00:00","","Normal","26224800","","PENDING","0","2026-01-16 17:40:37","","Proposed G+4+R Residential Building","Madinat Al Mataar","","0","0","0","52",""
"4285","Reef 995","1944","REEF LUXURY DEVELOPMENT L.L.C","2026-02-01 00:00:00","2028-11-30 00:00:00","","Normal","80000000","1001226141046013","PENDING","0","2025-12-09 16:38:21","","2B+G+3P+17 Residential Building\nConsist of Studio with Balcony =88Rooms, 1 Bedroom with Balcony =191 Rooms, 2 Bedroom with Balcony =47 Rooms + 3 Bedroom with Balcony = 8 Rooms\nTotal of 334 Rooms\n","Wadi Al Safa 5","","0","0","0","347",""
"4286","City Walk Crestlane 4","1109","CITYWALK RESIDENTIAL 1 L.L.C","2026-02-25 00:00:00","2030-04-25 00:00:00","2025-12-23 13:10:29","Normal","408641023","4031227018211002","ACTIVE","0","2025-12-11 18:20:09","","The project is a standard residential apartment development located at City walk. It introduces one level shared basement and ground with 3 retails directly accessed from the building facade adjoining the main lobby.\nBuilding A: B+G+12+R: comprising 110 units, and\nBuilding B: B+G+10+R: comprising 91 units each. In total, the residences include 201 apartments, which offer a mix of unit types: 1-bedroom, 2-bedroom, 3-bedroom, 4-bedroom and duplex apartments.\n","Al Wasl","Dubai Development Authority (DDA)","0","0","0","204",""
"4299","Binghatti Luxuria","1051","Binghatti Developers FZE","2026-01-01 00:00:00","2027-07-30 00:00:00","2026-01-08 15:00:02","Normal","162000000","019500000880","ACTIVE","0","2025-12-15 16:28:29","","3B + G + 4P + 24 RESIDENTIAL FLOORS + 1MECH. + ROOF","Al Barsha South Fifth","Trakhees","0","0","0","469",""
"4300","WINDSOR HOUSE II","1117","ELLINGTON PROPERTIES DEVELOPMENT L.L.C","2026-02-12 00:00:00","2029-07-31 00:00:00","2026-02-16 11:24:28","Normal","318873250","019000093750","ACTIVE","0","2025-12-15 12:23:39","","B+LG+UG+10 Floors with 2 Buildings (Tower A & Tower B)","Madinat Al Mataar","Dubai South","0","0","0","424",""
"4302","Barari Parks By Bahat","2017","BAHAT REAL ESTATE DEVELOPMENT L.L.C","2026-01-15 00:00:00","2028-03-31 00:00:00","2026-02-04 12:54:31","Normal","30000000","0205897563805","ACTIVE","0","2025-12-18 07:49:03","","A building of 2B+G+6+R includes 47 units of Apartments and 6 retail shops with several amenities. ","Wadi Al Safa 3","","0","0","0","52",""
"4303","Binghatti Etherea","1051","Binghatti Developers FZE","2026-01-01 00:00:00","2027-12-31 00:00:00","2026-01-27 13:45:39","Normal","115000000","019500000878","ACTIVE","0","2025-12-15 16:24:24","","B + G + 4P + 18 RESIDENTIAL FLOORS + MECH. + ROOF","Al Barsha South Fourth","Trakhees","0","0","0","239",""
"4304","Golf Terrace Residences By ASAK","1888","ASAK REAL ESTATE DEVELOPMENT L.L.C","2026-01-02 00:00:00","2027-10-02 00:00:00","2025-12-31 10:46:54","Normal","33000000","1010106928","ACTIVE","0","2025-12-15 17:34:48","","G+2P+7F+R","Me'Aisem First","Dubai Development Authority (DDA)","0","0","0","105",""
"4306","Seacliff by Imtiaz","2259","IMTIAZ LUXURY REAL ESTATE DEVELOPMENT L.L.C","2026-02-15 00:00:00","2028-08-15 00:00:00","2026-02-25 08:48:18","Normal","135755200","200927479","ACTIVE","0","2025-12-17 08:45:21",""," G+2P+14+RF - Residential Building","Palm Deira","","0","0","0","170",""
"4307","Babylon Tower","1191","HERITAGE REAL ESTATE DEVELOPMENT L.L.C","2026-01-10 00:00:00","2027-12-31 00:00:00","","Normal","70300000","","PENDING","","","","Basement+Ground+14 floor+roof","Al Thanyah First","","1","0","0","0",""
"4313","Nirvana Residences - I","1230","MERAKI REAL ESTATE DEVELOPMENT L.L.C  ","2026-03-01 00:00:00","2028-12-31 00:00:00","2026-02-26 15:03:43","Normal","150000000","001582237449601","ACTIVE","0","2025-12-23 22:33:24","","Project Description: 2B+G+2P+16+R Residential","Me'Aisem First","Dubai Development Authority (DDA)","0","0","0","310",""
"4314","Rabdan Gardens","2568","RABDAN GARDENS REAL ESTATE DEVELOPMENTS L.L.C","2026-03-01 00:00:00","2028-03-01 00:00:00","2026-02-04 11:37:35","Normal","58000000","001582228849501","ACTIVE","0","2025-12-25 11:54:47","","G+2P+8\n88 Residential units\n2 Retails","Al Satwa","","0","0","0","90",""
"4316","Casa Altia","2533","CASA MAGNUM REAL ESTATE DEVELOPMENT L.L.C","2026-01-01 00:00:00","2028-06-30 00:00:00","2026-02-12 14:59:32","Normal","42000000","019500000872","ACTIVE","0","2025-12-24 13:50:04","","B+G+2P+12 Residential Building","Jabal Ali First","","0","0","0","77",""
"4319","Project Maybach","1051","Binghatti Developers FZE","2026-01-14 00:00:00","2027-06-30 00:00:00","2026-01-08 16:13:44","Normal","480000000","001582229468301","ACTIVE","0","2025-12-25 16:41:44","","B + G + Mezz. + 5P + 24RESIDENTIAL FLOORS + MECH. + ROOF","Nad Al Shiba First","Dubai Municipality","0","0","0","831",""
"4320","Maybach Ultimate Luxury ","1051","Binghatti Developers FZE","2026-01-14 00:00:00","2027-08-31 00:00:00","2026-01-14 14:07:14","Normal","700000000","001582230478601","ACTIVE","0","2025-12-25 16:48:00","","B + G + Mezz. + 5P + 19 RES.Floors(Tower A) + 25 Res.Floors (Tower B) + 1MECH. + ROOF","Nad Al Shiba First","Dubai Municipality","0","0","0","1233",""
"4321","Maybach Six","1051","Binghatti Developers FZE","2026-01-14 00:00:00","2027-08-31 00:00:00","2026-01-14 12:07:34","Normal","900000000","001582230478501","ACTIVE","0","2025-12-25 16:50:06","","B + G + Mezz. + 5P + 30 RES.Floors(Tower A) + 34 Res.Floors (Tower B) + 2MECH. + ROOF","Nad Al Shiba First","Dubai Municipality","0","0","0","1878",""
"4325","At 85 Residences","1954","SCOPE PROPERTIES DUBAI BRANCH","2026-01-15 00:00:00","2028-03-15 00:00:00","2026-02-11 08:52:18","Normal","234000000","011180340013","ACTIVE","0","2025-12-30 11:58:24","","G+P+6","Jabal Ali First","","0","0","0","261",""
"4326","Cedarwood Estates","2249","JGE REAL ESTATE L.L.C","2026-02-28 00:00:00","2028-10-04 00:00:00","2026-01-23 12:00:08","Normal","917488094","0205915786606","ACTIVE","0","2026-01-02 09:10:25","","G+1+R villas","Me'Aisem First","Trakhees","0","0","121","0",""
"4327","Binghatti Skyterraces","1051","Binghatti Developers FZE","2026-01-01 00:00:00","2027-10-31 00:00:00","2026-02-03 11:30:17","Normal","720000000","001582233255201","ACTIVE","0","2026-01-01 18:32:29","","2B + G + 6P + 40 RESIDENTIAL FLOORS + 2MECH. + ROOF","Al Hebiah First","","0","0","0","1587",""
"4328","Sobha Central ","966","SOBHA L.L.C","2026-03-31 00:00:00","2031-12-31 00:00:00","2026-03-16 21:43:50","Normal","2315467680","001640240091301","ACTIVE","0","2026-01-13 12:26:28","","Proposed Residential, Offices and Commercial Development consist of 2 Towers with shopping centre, \nBuilding 5: 4 Basement + Ground + 99 Floors + Roof  \nBuilding 6: 4 Basement + Ground + 65 floors  + Roof ","Jabal Ali First","Dubai Municipality","0","0","0","2169",""
"4330","OXFORD COVE","1178","IMAN DEVELOPERS L.L.C","2026-03-01 00:00:00","2028-10-30 00:00:00","","Normal","71500001","","PENDING","0","2026-02-04 17:11:02","","B + G + 1P + 5F + R","Al Barsha South Fourth","","0","0","0","212",""
"4331","Linea by Holm","2428","HOLM AVENUE REAL ESTATE DEVELOPMENT L.L.C S.O.C","2026-02-01 00:00:00","2028-06-15 00:00:00","2026-01-30 11:28:45","Normal","67980000","0205933054508","ACTIVE","0","2026-01-06 11:33:38","","G+2P+8FLRS+ R ( Residential )","Al Satwa","","0","0","0","210",""
"4333","The Key","2191","HOMEDGE REAL ESTATE DEVELOPMENT L.L.C","2026-03-20 00:00:00","2028-03-20 00:00:00","","Normal","23200000","","PENDING","0","2026-01-06 14:15:22","","G+2P+8+ROOF","Al Satwa","","0","0","0","54",""
"4334","Axilla","2191","HOMEDGE REAL ESTATE DEVELOPMENT L.L.C","2026-03-20 00:00:00","2028-03-20 00:00:00","","Normal","23200000","","PENDING","","","","G+2P+8+ROOF","Al Satwa","","0","0","0","54",""
"4335","The Hudson","2502","CRYSTAL PRIME REAL ESTATE DEVELOPMENT L.L.C","2026-02-15 00:00:00","2029-02-14 00:00:00","","Normal","28500000","0205945602403","PENDING","0","2026-01-16 18:40:10","","Residential Building [G+1P+5+R] with Swimming Pool and Gym at First floor ","Al Barsha South Fourth","","0","0","0","96",""
"4336","ENRE RESIDENCE BY IMTIAZ","2579","IMTIAZ SOUTH REAL ESTATE DEVELOPMENT L.L.C","2026-02-15 00:00:00","2028-08-15 00:00:00","2026-03-02 12:30:35","Normal","101461500","200927493","ACTIVE","0","2026-01-08 13:21:18","","B+G+9 - RESIDENTIAL BUILDING","Madinat Al Mataar","Dubai South","0","0","0","170",""
"4340","ZEN LAGOONS","2302","ZENNOVA REALTY REAL ESTATE DEVELOPMENT L.L.C","2026-03-31 00:00:00","2029-06-30 00:00:00","","Normal","140000000","","PENDING","0","2026-02-02 17:55:40","","Ground Floor+4 Parking+19Floors+Roof (Commercial & Residential)","Bukadra","","0","0","0","177",""
"4341","Nami Island Project","2325","NAMI ISLAND DEVELOPMENT L.L.C","2026-01-12 00:00:00","2029-01-12 00:00:00","","Normal","400000000","","PENDING","","","","Project Description (English)\nNami Island is a mid-density, waterfront residential development designed for regulated real-estate structuring, including escrow and related compliance requirements under Dubai Land Department (DLD). The project comprises a finite collection of island-based villas supported by shared infrastructure and a central clubhouse facility.\n\nThe development includes the following villa classifications:\n\nWater Villas ? 4-bedroom residences located along the internal waterfront perimeter of the island.\n\nBeach Villas ? 5-bedroom residences positioned adjacent to shoreline zones within the island boundary.\n\nMansion (Maison) Villas ? 6-bedroom, multi-level residences designed with larger built-up communal areas.\n\nAncillary components forming part of the overall master plan include: buggy parking, service rooms, MEP zones, a diesel generator and fuel storage, sewerage treatment plant, hydrant and water tank systems, a helipad, marina setback, and designated enhanced view corridors as indicated in the project layout. The project is structured as a controlled residential build within defined plot limits, for documentation and escrow administration purposes.","World Islands","","1","0","0","0",""
"4342","The Lyceum","2310","RETHINK VIRERA REAL ESTATE DEVELOPMENT L.L.C","2026-04-01 00:00:00","2028-10-01 00:00:00","","Normal","102371436","","PENDING","0","2026-01-13 16:57:11","","G+4P+17+R","Al Barsha South Fifth","","1","0","0","0",""
"4344","Isla Residences by Chaimaa Holding","1166","DEVAL REAL ESTATE DEVELOPMENT L.L.C","2026-04-01 00:00:00","2028-03-31 00:00:00","","Normal","38021760","","PENDING","0","2026-01-15 17:28:25","","Residential / Commercial Building G + 2P + 12 Floors","Palm Deira","","0","0","0","76",""
"4346","THE MERIVA COLLECTION","2423","CRESTARC DEVELOPERS L.L.C","2026-04-03 00:00:00","2031-12-31 00:00:00","","Normal","1100000000","","PENDING","0","2026-02-19 13:24:45","","(B+G+20 High Rise Residence) + 2X (B+G+10 Mid Rise Residence) + 2X (B+G+6\nResidence) + (B+G+2 Residence) + (B+G+5 Hotel) + Supporting Amenities","Palm Deira","","0","0","0","735",""
"4350","South Lofts by Premier Choice","1397","P C I REAL ESTATE DEVELOPERS L.L.C","2026-01-15 00:00:00","2029-01-30 00:00:00","2026-03-26 09:49:01","Normal","22000000","0205959438202","ACTIVE","0","2026-01-19 09:32:43","","G + P + P. High Level + 6 + R","Saih Shuaib 2","Dubai Development Authority (DDA)","0","0","0","149",""
"4351","DELLA X","2481","DELLA LUXURY DEVELOPER L.L.C","2026-02-01 00:00:00","2028-12-25 00:00:00","","Normal","210000000","","PENDING","0","2026-03-14 11:43:47","","DELLA X LUXURY PROJECT IN PALM","Palm Jumeirah","","0","0","0","153",""
"4352","Nad Al Sheba Gardens Phase 12","1762","NAS ESTATES L.L.C","2026-03-01 00:00:00","2029-08-01 00:00:00","2026-03-11 12:12:54","Normal","690000000","0205865423616","ACTIVE","0","2026-01-20 11:09:59","","Residential project with total number of 97 (G+2) villas as follows: \n\n- 55 of 4 Bedroom Villas\n- 42 of 5 Bedroom Vllas \n","Nad Al Shiba First","Dubai Development Authority (DDA)","0","0","97","0",""
"4353","STORIES BY MIRFA","2511","MIRFA HARMONY REAL ESTATE DEVELOPMENT L.L.C","2026-03-01 00:00:00","2028-03-31 00:00:00","2026-03-18 12:14:39","Normal","38100000","0205946210003","ACTIVE","0","2026-01-16 17:32:30","","Basement+Ground+6Floor+ROOF","Madinat Al Mataar","Dubai South","0","0","0","100",""
"4355","FOREST CITY TOWER 3","1124","AL HELAL AL ZAHABY REAL ESTATE DEVELOPMENT L.L.C","2026-04-01 00:00:00","2032-04-01 00:00:00","","Normal","200000000","","PENDING","","","","Residential Building (2 Basement + G + 1P + 9 Floors)  ","Madinat Al Mataar","","0","0","0","642",""
"4356","HQA By Arista","2516","ARISTA ONE REAL ESTATE DEVELOPMENT L.L.C","2026-03-15 00:00:00","2028-06-30 00:00:00","2026-02-10 14:06:05","Normal","55000000","3718514835103","ACTIVE","0","2026-01-19 12:22:10","","3B+G+7+R","Jabal Ali First","","0","0","0","52",""
"4358","Tulip Oasis 11 Tower 2","2107","A M E REAL ESTATE DEVELOPMENT L.L.C","2026-02-01 00:00:00","2028-09-30 00:00:00","","Normal","75000000","","PENDING","0","2026-01-22 13:03:14","","G + P + 10","Wadi Al Safa 3","","1","0","0","0",""
"4360","CHAVELLE BY IMTIAZ","1641","IMTIAZ GHD REAL ESTATE DEVELOPMENT L.L.C","2026-03-15 00:00:00","2029-03-15 00:00:00","2026-03-02 12:31:01","Normal","118134359","1001225996258016","ACTIVE","0","2026-01-20 11:53:32","","G+4P+20 Retail and Residential Building","Bukadra","","0","0","0","145",""
"4365","Listone Residence","2535","LION STONE PROPERTIES L.L.C","2026-04-01 00:00:00","2027-08-31 00:00:00","","Normal","98500000","19612505","PENDING","0","2026-01-21 18:01:22","","Residential Building (G+2 podium +6 Floors +R )","Al Warsan First","","0","0","0","312",""
"4370","Binghatti Spectre","1051","Binghatti Developers FZE","2026-02-01 00:00:00","2028-03-31 00:00:00","","Normal","500000000","","PENDING","0","2026-02-05 16:16:29","","1","Al Jadaf","","1","0","0","0",""
"4371","Coventry Curve","2053","G F S REAL ESTATE L.L.C","2026-03-01 00:00:00","2028-06-15 00:00:00","2026-04-13 09:24:38","Normal","53000000","19596391","PENDING","0","2026-02-04 18:49:05","","1B+G+5F+R","Saih Shuaib 2","Dubai Development Authority (DDA)","0","0","0","246",""
"4373","The Valley - Alva","1211","EMAAR DEVELOPMENT P.J.S.C.","2026-03-31 00:00:00","2030-03-31 00:00:00","2026-02-12 11:57:37","Normal","293328000","001640234355801","ACTIVE","0","2026-01-28 12:17:19","","Residential development consisting of 196 townhouse units (G+1)\n","Al Yufrah 1","Dubai Development Authority (DDA)","0","0","196","0",""
"4383","Calla Isle","2263","N Y X REAL ESTATE DEVELOPMENT L.L.C","2026-04-01 00:00:00","2028-03-30 00:00:00","","Normal","59000000","","PENDING","","","","Residential Building (G+2P+8)","Palm Deira","","1","0","0","0",""
"4387","MARAVELLE FAMILY COMPLEX","2116","K M Y REAL ESTATE L.L.C","2026-03-01 00:00:00","2029-08-31 00:00:00","","Normal","210000000","","PENDING","0","2026-03-05 23:24:08","","Mixed-Use Project (Residential Apartments + Retail + Hotel) comprising 1 Basement + Ground Floor + 9 Floors","Madinat Al Mataar","","0","0","0","668",""
"4390","AMALI RESIDENCES","2109","AMALI CANAL L.L.C","2026-02-15 00:00:00","2030-12-30 00:00:00","","Normal","544267002","","PENDING","0","2026-02-05 12:31:49","","Project consists of 1 tower, G+5P+48 Residential floor levels located in Al Wasl, Plot No. 3431268, Dubai, United Arab Emirates. This building is designed to have concrete structure and block with internal and external finishes.","Al Wasl","","1","0","0","0",""
"4392","Coventry 49","2190","GFS WONDERS DEVELOPERS L.L.C","2026-03-15 00:00:00","2028-05-15 00:00:00","2026-04-13 12:19:01","Normal","21000000","19607923","PENDING","0","2026-02-11 10:55:39","","PROPOSED RESIDENTIAL BUILDING (G+4+ROOF) ","Madinat Al Mataar","Dubai South","0","0","0","51",""
"4393","Binghatti Skyflame 1","1051","Binghatti Developers FZE","2026-02-01 00:00:00","2027-12-31 00:00:00","2026-03-26 19:27:26","Normal","465000000","6555887192013","ACTIVE","0","2026-02-11 16:30:25","","G + 5P + 27 RESIDENTIAL FLOORS + MECH. + ROOF","Wadi Al Safa 3","Dubai Development Authority (DDA)","0","0","0","1407",""
"4394","Samana Business Hub","2071","SAMANA PREMIUM REAL ESTATE DEVELOPMENT L.L.C","2026-03-01 00:00:00","2029-09-30 00:00:00","2026-03-23 17:09:01","Normal","194189567","6555949331502","ACTIVE","0","2026-02-11 09:57:31","","3B+5P+G+18F+R\n","Jabal Ali Industrial Second","Trakhees","0","0","0","323",""
"4395","Globna by Crystal Bay Azure","2491","CRYSTAL BAY AZURE DEVELOPMENT L.L.C","2026-03-01 00:00:00","2028-02-28 00:00:00","","Normal","20000000","","PENDING","0","2026-03-07 12:55:17","","B+G+R","Madinat Al Mataar","","1","0","0","0",""
"4397","Samana Island","2587","SAMANA LUX REAL ESTATE DEVELOPMENTS L.L.C","2026-03-01 00:00:00","2029-09-30 00:00:00","","Normal","384832590","","PENDING","","","","G+4 Mixed Use Development ( Residential + Commercial )\n","World Islands","","1","0","0","0",""
"4399","Binghatti Skyflame 2","1051","Binghatti Developers FZE","2026-02-01 00:00:00","2027-12-31 00:00:00","2026-03-24 11:51:01","Normal","267000000","6555887192010","ACTIVE","0","2026-02-11 16:32:36","","G + 5P + 22 RESIDENTIAL FLOORS + MECH. + ROOF","Wadi Al Safa 3","Dubai Development Authority (DDA)","0","0","0","801",""
"4400","Nejm 1","1849","DANF DEVELOPMENTS L.L.C","2026-01-01 00:00:00","2027-06-30 00:00:00","2026-03-05 10:18:47","Normal","20000000","3718506121803","ACTIVE","0","2026-02-14 08:38:39","","Residential Building B + G + 5 Floors and Roof   ","Wadi Al Safa 3","","0","0","0","55",""
"4401","Rabdan Square","2567","RABDAN SQUARE DEVELOPMENTS L.L.C","2026-03-01 00:00:00","2028-03-01 00:00:00","2026-03-26 15:21:43","Normal","35000000","001582241303101","ACTIVE","0","2026-02-16 13:36:33","","B+G+5 Mixed use 30 Residential units + 3 Retail units = 33 Units","Nad Al Shiba First","Dubai Municipality","0","0","0","36",""
"4402","Jadaf Beach Oasis","1002","AZIZI DEVELOPMENTS L.L.C","2026-02-13 00:00:00","2029-02-09 00:00:00","","Normal","50000000","","PENDING","0","2026-02-13 14:16:09","","4B+G+2P+15F+PENTHOUSE+ROOF\nRESIDENTIAL BUILDING","Al Jadaf","","0","0","0","1276",""
"4403","Azizi Rose","1002","AZIZI DEVELOPMENTS L.L.C","2026-03-04 00:00:00","2028-03-04 00:00:00","","Normal","67212000","","PENDING","0","2026-02-13 11:53:28","","PROPOSED 4B+G+UG+3P+8+R\nRESIDENTIAL BUILDING","Jabal Ali Industrial Second","","0","0","0","226",""
"4405","Binghatti Square 1","1051","Binghatti Developers FZE","2026-03-01 00:00:00","2027-06-30 00:00:00","","Normal","87000000","","PENDING","0","2026-02-18 13:01:30","","B + G + 7 RESIDENTIAL FLOORS + ROOF","Wadi Al Safa 3","","1","0","0","0",""
"4406","Al Aiham Homes","2404","DAR AL AIHAM PROPERTIES L.L.C","2026-04-01 00:00:00","2028-04-01 00:00:00","","Normal","33000000","","PENDING","0","2026-03-13 07:14:04","","Residential Building G+1P+5","Warsan Fourth","","1","0","0","0",""
"4408","Binghatti Square 2","1051","Binghatti Developers FZE","2026-03-01 00:00:00","2027-06-30 00:00:00","","Normal","174000000","","PENDING","0","2026-02-18 13:11:09","","B + G + 7 RESIDENTIAL FLOORS + ROOF","Wadi Al Safa 3","","1","0","0","0",""
"4409","Binghatti Square 3","1051","Binghatti Developers FZE","2026-03-01 00:00:00","2027-06-30 00:00:00","","Normal","284000000","","PENDING","0","2026-02-18 13:13:33","","B + G + 7 RESIDENTIAL FLOORS + ROOF","Wadi Al Safa 3","","1","0","0","0",""
"4410","One Central Dubai","2518","One Central Development FZE","2026-01-01 00:00:00","2031-09-30 00:00:00","","Normal","6476940243","","PENDING","","","","4B+G+4PO+83+R \n4B+G+4PO+68+R \n4B+G+4PO+50+R ","Trade Center Second","","1","0","0","0",""
"4412","SHAPE","2520","REDIX ONE REAL ESTATE L.L.C","2026-04-02 00:00:00","2028-06-30 00:00:00","","Normal","175000000","","PENDING","0","2026-02-23 23:01:16","","Commercial Building 3B+G+6P+16+R","Al Barsha South Fourth","","1","0","0","0",""
"4414","X11","2596","BAMX ELEVEN REAL ESTATE DEVELOPMENT L.L.C","2026-04-01 00:00:00","2028-01-31 00:00:00","","Normal","40000000","","PENDING","","","","G+6+Roof Top","Madinat Al Mataar","","1","0","0","0",""
"4415","Golf Fields","1155","EMAAR DUBAI SOUTH DWC LLC","2026-04-05 00:00:00","2030-02-28 00:00:00","2026-03-02 14:42:54","Normal","173504916","001640238025601","ACTIVE","0","2026-02-18 10:53:46","","Residential Development consisting of 1 Building (G+P+11 Floors) with 181 Residential Units\n","Madinat Al Mataar","","0","0","0","181",""
"4416","Golf Vale","1155","EMAAR DUBAI SOUTH DWC LLC","2026-04-05 00:00:00","2030-03-31 00:00:00","2026-03-02 14:45:56","Normal","223589808","001640238031401","ACTIVE","0","2026-02-18 10:57:03","","Residential Development consisting of 1 Building (G+P+11 Floors) with 262 Residential Units\n","Madinat Al Mataar","","0","0","0","262",""
"4417","THE ATELIER ","1939","E L P G REAL ESTATE DEVELOPMENT L.L.C","2026-02-19 00:00:00","2031-12-31 00:00:00","","Normal","612000000","","PENDING","","","","COMMERCIAL TOWER ","Business Bay","","1","0","0","0",""
"4425","ARLINGTON PARK II BY MAJID","1655","MAJID DEVELOPMENTS L.L.C","2026-04-01 00:00:00","2028-04-01 00:00:00","2026-04-07 11:45:31","Normal","36500000","0205856696108","ACTIVE","0","2026-02-25 10:29:50","","G+2B+11+R","Wadi Al Safa 5","Dubai Development Authority (DDA)","0","0","0","129",""
"4435","1WOOD RESIDENCE 2","1579","OBJECT ONE REAL ESTATE DEVELOPMENT L.L.C","2026-03-15 00:00:00","2027-10-20 00:00:00","","Normal","40055000","","PENDING","0","2026-02-27 15:46:22","","UG+G+5P+2(O)+11(R)+R\n","Al Barsha South Fourth","","0","0","0","209",""
"4440","Celesto Tower 2","1921","TARRAD REAL ESTATE DEVELOPMENT L.L.C","2026-01-28 00:00:00","2028-06-28 00:00:00","","Normal","30200000","","PENDING","0","2026-03-08 18:25:53","","RESIDENTIAL BUILDING (4B +Ground + 13 Floors + Roof)","Wadi Al Safa 5","","0","0","0","231",""
"4442","Tresora by Wadan","2166","WADAN REAL ESTATE DEVELOPMENT L.L.C","2026-03-30 00:00:00","2028-03-30 00:00:00","","Normal","25000000","","PENDING","0","2026-03-09 11:36:12","","G+3P+17","Al Barsha South Fourth","","0","0","0","160",""
"4444","Vivo Residences South By Main Realty","1836","MAIN REALTY REAL ESTATE L.L.C","2026-04-06 00:00:00","2029-03-31 00:00:00","","Normal","45000000","","PENDING","","","","Residential Building (G+1P+6+R)","Saih Shuaib 2","","1","0","0","0",""
"4454","Havencia","2590","ALA REAL ESTATE DEVELOPMENTS L.L.C","2026-03-01 00:00:00","2028-03-31 00:00:00","","Normal","60000000","","PENDING","0","2026-04-02 11:03:40","","B+G+3P+13+R","Wadi Al Safa 5","","0","0","0","286",""
"4456","LUNAYA","2422","LUNAYA ZAYA REAL ESTATE DEVELOPMENT L.L.C S.O.C","2026-04-01 00:00:00","2029-03-31 00:00:00","","Normal","544207020","","PENDING","","","","Construction of 103 G+2 Townhouse Villas, 341 G+2+R Townhouse Villas, 80 G+2 semi attached Villas and 40 G+2 Independent Villas","Saih Shuaib 1","","1","0","0","0",""
